Code,Model Info
A2-03-01-S,8/SE2/SE3
A2-02-06-S,8+
A2-02-04-S,XS/X/11P
A2-02-03-S,XSMAX/11PM
A2-02-01-S,12/12P
A2-01-06-S,12PM
A2-02-02-S,12m
A2-01-04-S,13/13P/14
A2-01-03-S,13PM/14+
A2-01-05-S,13m
A2-01-02-S,14P
A2-01-01-S,14PM
A4-04-01-S,XSMAX
A3-02-05-DOWN-S,8/SE2/SE3
A3-02-04-DOWN-S,8+
A3-02-02-DOWN-S,XS/X/11P
A3-02-03-DOWN-S,XR/11
A3-02-01-DOWN-S,XSMAX/11PM
A3-01-04-DOWN-S,12/12P
A3-01-03-DOWN-S,12PM
A3-01-05-DOWN-S,12m
A3-01-01-DOWN-S,13/13P/14
A2-03-06-DOWN-S,13PM/14+
A3-01-02-DOWN-S,13m
A2-03-04-S,14P
A2-03-02-S,14PM
A3-02-05-UP-S,8/SE2/SE3
A3-02-04-UP-S,8+
A3-02-02-UP-S,XS/X/11P
A3-02-03-UP-S,XR/11
A3-02-01-UP-S,XSMAX/11PM
A3-01-04-UP-S,12/12P
A3-01-03-UP-S,12PM
A3-01-05-UP-S,12m
A3-01-01-UP-S,13/13P/14
A2-03-06-UP-S,13PM/14+
A3-01-02-S,13m
A2-03-05-S,14P
A2-03-03-S,14PM
B2-01-01-S,8/SE2/SE3
B2-02-01-S,8+
B2-04-01-S,XS/XSMAX
B2-03-01-S,XR
B2-01-02-S,11P/11PM
B2-03-02-S,12
B2-05-02-S,12P
B2-07-02-S,12PM
B2-05-01-S,12m
B2-02-03-S,13/13m
B2-06-03-S,14/14+
B2-01-04-S,14P/14PM
B2-07-01-S,11
B2-02-02-S,11P/11PM
B2-04-02-S,12
B2-06-02-S,12P
B2-01-03-S,12PM
B2-03-03-S,13/13m
B2-05-03-S,13P/13PM
B2-07-03-S,14/14+
B2-02-04-S,14P/14PM
A4-02-03-DOWN-S,8/SE2/SE3
A4-02-02-DOWN-S,8+
A4-01-05-DOWN-S,XS/X/11P
A4-02-01-DOWN-S,XR/11
A4-01-04-DOWN-S,XSMAX/11PM
A4-01-02-DOWN-S,12/12P
A4-01-01-DOWN-S,12PM
A4-01-03-DOWN-S,12m
A3-04-02-S,13/13P/14
A3-03-05-S,13PM/14+
A3-04-04-S,13m
A3-03-03-S,14P
A4-02-02-UP-S,8+
A4-01-05-UP-S,XS/X/11P
A4-02-01-UP-S,XR/11
A4-01-04-UP-S,XSMAX/11PM
A4-01-02-UP-S,12/12P
A4-01-01-UP-S,12PM
A4-01-03-UP-S,12m
A3-04-03-S,13/13P/14
A3-04-01-S,13PM/14+
A3-04-05-S,13m
A3-03-04-S,14P
A3-03-02-S,14PM
A4-02-04-S,2/3/4 ipad
A4-04-02-S,Mini 6
A4-03-04-S,9.7 inch
A4-03-02-S,10.5 inch
A4-03-01-S,10.9/11 inch
A4-02-05-S,12.9 (2017)
A4-03-05-S,12.9 (2020/2021)
A5-02-05-S,S8
A5-02-04-S,S8+
A5-02-03-S,S9
A5-02-02-S,S9+
A5-01-08-S,S10+
A5-01-07-S,S20
A5-01-06-S,S20+
A5-01-05-S,S20U
A5-01-04-S,S21
A5-01-03-S,S21+
A5-01-01-S,S22
B4-03-03-S,S22+
A5-06-01-S,S23 5G
A5-06-02-S,S23 + 5G
A5-06-03-S,S23U 5G
A5-03-01-S,N10
A5-02-08-S,N10+
A5-02-07-S,N20
A5-05-04-S,N20U
A5-03-02-S,N9
A5-03-03-S,N8
A5-04-02-S,S20FE
A5-03-09-S,S21
A5-03-08-S,S21+
A5-04-01-S,S21FE
A5-03-06-S,S22
A5-03-05-S,S22+
A5-03-04-S,S22U
B4-06-03A-S,S23 + 
B4-06-03B-S,S23
B2-05-07-S,N20
B2-07-08-S,N20U
B2-04-04-S,S20
B2-06-04-S,S20+
B2-01-05-S,S20U
B2-05-05-S,S21
B2-07-05-S,S21+
B2-02-06-S,S21U
B2-06-06-S,S22
B2-01-07-S,S22+
B2-03-07-S,S22U
B2-04-05-S,S20FE
B2-04-06-S,S21 FE
B4-03-02-S,S23U 5G
B4-04-02-S,S23/S23+ 
B2-04-07-S,N20
B2-06-07-S,N20U
B2-03-04-S,S20
B2-05-04-S,S20+
B2-07-04-S,S20U
B2-06-05-S,S21+
B2-01-06-S,S21U
B2-05-06-S,S22
B2-07-06-S,S22+
B2-02-07-S,S22U
B2-03-06-S,S21 FE
B3-01-01-B-S,A02s
B3-01-02-A-S,A03s/A03
B3-02-04-S,A11
B3-01-02-B-S,A12
B3-01-03-A-S,A13 5G/A23
B3-01-04-A-S,A20/A30/M30/A50
B3-01-05-A-S,A30
B3-01-05-B-S,A31/A32 4G
B3-01-06-B-S,A33 5G
B4-01-01-A-S,A40
B4-01-01-B-S,A41
B3-02-01-A-S,A42 5G
B3-02-02-A-S,A51/A51 5G
B3-02-03-A-S,A53 5G
B3-02-03-B-S,A70
B3-02-05-B-S,A80/A90
A4-04-05-S,8/SE2/SE3
B3-02-06-B-S,8+
B4-02-01-A-S,XS/X/11P
B4-02-01-B-S,XR/11
B3-03-01-A-S,XSMAX/11PM
B3-03-01-B-S,12/12P
B3-03-02-A-S,12PM
B3-03-02-B-S,12m
B3-03-03-A-S,13/13P/14
B3-03-03-B-S,13PM/14+
B3-03-04-A-S,13m
B3-03-04-B-S,14P
B3-03-05-S,14PM
B2-01-08-S,A02s
B2-03-08-S,A03s
B2-02-09-S,A12
B2-04-09-S,A13 5G
B2-01-10-S,A22 5G
B2-07-10-S,A32
B2-12-01-S,A52 4G
B2-02-11-S,A33/A53/A73
B2-06-09-S,A21
B2-03-10-S,A23
B2-05-10-S,A31
B2-06-11-S,A41
B2-08-01-S,A42 
B2-10-01-S,A51
B2-08-02-S,A71
B2-07-07-S,A02s
B2-02-08-S,A03s
B2-01-09-S,A12
B2-03-09-S,A13 5G
B2-07-09-S,A22 5G
B2-06-10-S,A32
B2-11-01-S,A52/A72
B2-01-11-S,A33/A53/A73
B2-04-08-S,A10/20/30/50 
B2-06-08-S,A11 
B2-05-09-S,A21 
B2-02-10-S,A23 
B2-04-10-S,A31 
B2-03-11-S,A40
B2-05-11-S,A41
B2-07-11-S,A42 
B2-09-01-S,A51
B2-12-02-S,iPad 
B3-03-06-S,Samsung Tab A 8.0(2017)
B4-03-01-S,Samsung Tab A 8.0(2018)
B3-04-02-S,Samsung Tab A 10.5(2018)
B3-04-03-S,Samsung Tab A 10.1(2019)
B3-04-04-S,Samsung Tab A 8.4(2020)
B3-04-05-S,Samsung Tab A7 10.4(2020)
B3-04-06-S,Samsung Tab A7 Lite
B4-04-01-S,Samsung Tab A8 10.5(2021)
B3-05-01-S,Samsung Tab S5E
B3-05-02-S,Samsung Tab S6 Lite
B3-05-03-S,Samsung Tab S6 Lite 2022
B3-05-04-S,Samsung Tab S7+
B3-05-05-S,Samsung Tab S7
B3-05-06-S,Samsung Tab S7 FE
B4-05-01-S,Samsung Tab S8
B3-06-01-S,Samsung Tab S8+
B3-06-02-S,Samsung Tab S8U
B2-11-02-S,Google Pixel 6
B2-13-02-S,Google Pixel 6P
B2-09-02-S,Z Flip 3
B2-10-02-S,Z Flip 3
A5-04-03-S,38mm
A5-05-05-S,41mm
A5-04-06-S,44mm
B3-06-03-S,Google Pixel 6P
B4-04-03-S,Google pixel 6
B4-01-02-S,iPadP 12.9/11 inch
B4-05-02-A-S,iP12PM 
B4-05-02-B-S,Apple Watch 42mm
B4-06-02-S,Fitbit versa 
B4-05-03-S,iP13m
A5-06-05-S,N20
A5-06-06-S,S23U
E2-03-05-S,XS/X/11P
E2-03-02-S,XSMAX/11PM
E2-04-05-S,12PM
E2-04-04-S,12m
E2-04-02-S,13PM/14+
E2-03-04-S,13m
E2-03-03-S,14P
E2-04-03-S,14PM
E1-05-01-S,15+/15PM/16+
E1-06-01-S,15/15P/16
E2-03-07-S,16P
E2-04-07-S,16PM
E2-06-06-S,8+
E2-05-06-S,XS/X/11P
E2-06-05-S,XSMAX/11PM
E2-06-04-S,12/12P
E2-05-05-S,12PM
E2-05-04-S,12m
E2-06-01-S,13/13P/14
E2-05-02-S,13PM/14+
E2-06-03-S,13m
E2-06-02-S,14P
E2-05-03-S,14PM
E2-02-10-S,8/SE2/SE3
E2-02-08-S,XS/X/11P
E2-01-08-S,XR/11
E2-01-10-S,XSMAX/11PM
E2-01-06-S,12/12P
E2-02-06-S,12PM
E2-02-04-S,12m
E2-01-04-S,13PM/14+
E2-01-02-S,14P
E2-02-02-S,14PM
E1-03-01-S,15+/15PM/16+
E1-04-01-S,15/15P/16
E2-02-11-S,8/SE2/SE3
E2-02-09-S,XS/X/11P
E2-01-09-S,XR/11
E2-01-11-S,XSMAX/11PM
E2-01-07-S,12/12P
E2-02-07-S,12PM
E2-02-05-S,12m
E2-01-05-S,13PM/14+
E2-01-03 -S,14P
E2-02-03 -S,14PM
E1-02-05-A-S,S22
E1-02-06-A-S,S22+
E1-02-04-A-S,S21 fe 
E1-02-05-B-S,S22
E1-02-06-B-S,S22+
E1-02-03-B-S,S21U
E1-02-04-B-S,S21 fe 
E1-02-01-S,iPad mini 1/2/3
E1-03-02-S,iPad mini 6
E1-04-02-S,iPad 9.7 
E1-03-03-S,iPad 10.2
E1-04-03-S,iPad 10.5
E1-03-04-S,iPad 10.9/11
E1-04-04-S,iPad 2/3/4
E1-03-05-S,iPad 12.9 (2015)
E1-04-05-S,iPad 12.9 (2021/2022) 
E1-01-07-S,Samsung tab s8U 
A1-05-06-S,16PM (2-Pack)
A1-02-05-S,16+ (2-Pack)
A1-02-06-S,16P (2-Pack)
A1-06-06-S,16 (2-Pack)
A1-04-04-A-S,15PM
A1-04-04-B-S,15+
A1-04-05A-S,15P
A1-04-05B-S,15
A1-07-06-S,14/13/13P
A1-04-06A-S,14PM
A1-04-06B-S,13PM/14+
A1-07-05-S,14P
A1-01-06-S,16P
A1-02-04-S,15PM
A1-01-04-S,15P
A1-06-05-S,16PM (2-pack)
A1-07-04-S,16+ (2-pack)
A1-05-05-S,16 (2-pack)
A1-03-06-S,15+ (2-pack)
A1-06-04-S,15 (2-pack)
A1-03-04-S,14PM (2-pack)
A1-03-05-S,14P (2-pack)
A1-05-04-S,13/14 (2-pack)
A1-01-05-S,13PM/14+ (2-pack)
D00-02-01-S,S23U
D00-02-02-S,S23+
D00-03-01-S,S23
D00-03-03-S,S22U
D00-03-04-S,S22+
D00-04-01-S,S22
D00-04-02-S,S21U
D00-04-03-S,S21+
D00-04-04-S,S21
D00-05-01-S,S20U
D00-05-02-S,S20+
D00-05-03-S,S20
D00-03-02-S,N20U
E1-01-01-B-S,iP14PM
E1-01-01-A-S,iP14/13P/13
E1-01-02-A-S,iP13PM/14+
E1-01-02-B-S,iP14P
E1-01-03-A-S,iP12PM
E1-01-03-B-S,iP12
H0-01-01-S,S22U
H0-01-02-S,S22U
H0-01-03-S,S22U
H0-01-04-S,S22U
H0-01-05-S,S22U
H0-01-06-S,S22U
H0-01-07-S,S22+
H0-01-08-S,S22+
H0-02-01-S,S22+
H0-02-02-S,S22+
H0-02-03-S,S22+
H0-02-04-S,S22+
H0-02-05-S,S22
H0-02-06-S,S22
H0-02-07-S,S22
H0-02-08-S,S22
H0-03-01-S,S22
H0-03-02-S,S22
H0-03-03-S,S21U
H0-03-04-S,S21U
H0-03-05-S,S21U
H0-03-06-S,S21U
H0-03-07-S,S21U
H0-03-08-S,S21U
H0-11-01-S,S21+
H0-11-02-S,S21+
H0-11-03-S,S21+
H0-11-04-S,S21+
H0-10-07-S,S21+
H0-10-08-S,S21+
H0-10-01-S,S21
H0-10-02-S,S21
H0-10-03-S,S21
H0-10-04-S,S21
H0-10-05-S,S21
H0-10-06-S,S21
H0-04-01-S,S20U
H0-04-02-S,S20U
H0-04-03-S,S20U
H0-04-04-S,S20U
H0-04-05-S,S20U
H0-04-06-S,S20U
H0-04-07-S,S20+
H0-04-08-S,S20+
H0-05-01-S,S20+
H0-05-02-S,S20+
H0-05-03-S,S20+
H0-05-04-S,S20+
H0-05-05-S,S20
H0-05-06-S,S20
H0-05-07-S,S20
H0-05-08-S,S20
H0-06-01-S,S20
H0-06-02-S,S20
H0-06-03-S,S10+
H0-06-04-S,S10+
H0-06-05-S,S10+
H0-06-06-S,S10+
H0-06-07-S,S10+
H0-06-08-S,S10+
H0-11-06-S,S10
H0-11-07-S,S10
H0-11-08-S,S10
H0-07-01-S,N20
H0-07-02-S,N20 
H0-07-03-S,N20
H0-07-04-S,N20
H0-07-05-S,N20
H0-07-06-S,N20
H0-07-07-S,N20U
H0-07-08-S,N20U
H0-08-01-S,N20U
H0-08-02-S,N20U
H0-08-03-S,N20U
H0-08-04-S,N20U
H0-08-05-S,N10+
H0-08-06-S,N10+
H0-08-07-S,N10+
H0-08-08-S,N10+
H0-09-01-S,N10+
H0-09-02-S,N10+
H0-09-03-S,N10
H0-09-04-S,N10 
H0-09-05-S,N10
H0-09-06-S,N10
H0-09-07-S,N10
H0-09-08-S,N10
D1-00-00-A-S,S22U
D1-00-00-B-S,S22U
D1-00-01-A-S,S22U
D1-00-01-B-S,S22U
D1-00-02-A-S,S22+
D1-00-02-B-S,S22+
D1-00-03-A-S,S22+
D1-00-03-B-S,S22+
D1-00-04-A-S,S22
D1-00-04-B-S,S22
D1-00-05-A-S,S22
D1-00-05-B-S,S22
D1-04-06-A-S,S21U
D1-04-06-B-S,S21U
D1-03-06-A-S,S21+
D1-03-06-B-S,S21+
D1-00-06-A-S,S21FE
D1-00-06-B-S,S21FE
D1-00-07-A-S,S21FE
D1-00-07-B-S,S21FE
D1-02-01-A-S,S20U
D1-02-01-B-S,S20U
D1-01-02-A-S,S20
D1-01-02-B-S,S20
D1-02-02-A-S,S20
D1-02-02-B-S,S20
D1-02-05-S,S20 FE/S20 LITE
D1-02-03-S,S10 5G
D1-01-04-A-S,S10+
D1-01-04-B-S,S10+
D1-02-04-A-S,S10+
D1-02-04-B-S,S10+
D1-01-03-S,S10
D1-01-05-A-S,S10E
D1-01-05-B-S,S10E
E3-05-06-A-S,S22
E3-05-06-B-S,S22+
J02-02-03-S,S21U 
J02-02-04-S,S21U 
J0-01-01-S,S21+
J0-01-02-S,S21+
J0-01-03-S,S21+
J0-01-04-S,S21+
J0-01-05-S,S21+ 
J0-01-06-S,S21+
J0-04-07-S,S21 
J0-06-07-S,S21 
J01-03-05-S,S21fe
J01-01-07-S,S21fe 
J01-02-07-S,S21 Fe
J01-03-07-S,S21 fe 
J01-04-07-S,S21 fe 
J01-05-07-S,S21 Fe 
J02-04-03-S,S20U 
J02-04-04-S,S20U
J02-04-05-S,S20U 
J02-04-06-S,S20U
J0-03-02-S,S20+
J0-03-04-S,S20+ 
J0-02-06-S,S20+
J0-02-01-S,S20
J0-02-02-S,S20
J0-02-03-S,S20
J0-02-04-S,S20
J0-02-05-S,S20
J0-01-07-S,S20fe 
J0-02-07-S,S20fe 
J0-05-02-S,S10+ 
J0-05-04-S,S10+ 
J0-05-05-S,S10+ 
J0-06-03-S,S10+ 
J0-06-02-S,S10 
J0-06-04-S,S10 
J0-07-01-S,S10 FE
J0-07-02-S,S10 FE
J0-07-03-S,S10 FE 
J0-07-04-S,S10 FE
J0-07-05-S,S10 FE
J0-07-06-S,S10 FE 
J02-05-02-S,S10 5G 
J02-05-03-S,S10 5G 
J02-05-04-S,S10 5G 
J02-05-05-S,S10 5G 
J0-08-01-S,S9+
J0-08-02-S,S9+ 
J0-08-03-S,S9+
J0-08-04-S,S9+ 
J0-08-05-S,S9+ 
J0-08-06-S,S9+
J0-03-05-S,S9 
J0-03-07-S,S9 
J0-04-01-S,S9 
J0-04-04-S,S9 
K01-05-01-S,N20U 
K01-05-02-S,N20U
K01-05-03-S,N20U
K01-05-04-S,N20U 
K01-01-01-S,N20
K01-01-02-S,N20
K01-01-03-S,N20 
K01-01-04-S,N20
K01-01-05-S,N20 
J02-01-01-S,N10
J02-01-02-S,N10
J02-01-03-S,N10
J02-01-04-S,N10 
J02-01-05-S,N10 
J02-01-06-S,N10 
K01-02-01-S,N9
K01-02-02-S,N9
K01-02-03-S,N9
K01-02-04-S,N9 
K01-02-05-S,N9 
K01-02-06-S,N9 
J01-07-01-S,A72
J01-07-05-S,A72
J01-05-01-S,A52
J01-05-02-S,A52
J01-05-03-S,A52
J01-05-04-S,A52 
J01-05-05-S,A52 
J01-05-06-S,A52
J02-07-01-S,A42 
J02-07-03-S,A42 
J02-07-04-S,A42 
J02-07-05-S,A42 
J02-07-06-S,A42 
J01-06-01-S,A32 5G 
J01-06-02-S,A32 5G
J01-06-03-S,A32 5G 
J01-06-04-S,A32 5G 
J01-06-05-S,A32 5G 
J01-06-06-S,A32 5G 
J01-02-01-S,A22
J01-02-02-S,A22
J01-02-03-S,A22
J01-02-04-S,A22
J01-02-05-S,A22 
J01-02-06-S,A22 
J02-06-01-S,A71 
J02-06-03-S,A71
J02-06-04-S,A71
J02-06-05-S,A71 
J01-03-01-S,A51
J01-03-02-S,A51 
J01-03-03-S,A51
J01-03-04-S,A51
J01-03-06-S,A51
J02-05-07-S,A50 
J02-06-07-S,A50 
J02-07-07-S,A50 
J01-04-01-S,A30 
J01-04-03-S,A30
J01-04-04-S,A30 
J01-04-05-S,A30 
J01-04-06-S,A30 
J01-01-01-S,A20
J01-01-02-S,A20 
J01-01-03-S,A20
J01-01-04-S,A20
J01-01-05-S,A20 
J01-01-06-S,A20
D1-01-01-A-S,S22U
D1-05-03-B-S,S20
D1-06-01-B-S,S10 (Discontinue After Finish Selling)
K1-06-01A-S,S20U
K1-06-03B-S,S20+
D1-05-04-A-S,S20
K1-06-08B-S,S20FE 5G
D1-06-03-S,S10+
D1-03-01-S,S22+
D1-04-01-A-S,S21+
D1-06-02-A-S,S20+
D1-05-04-B-S,S20
D1-06-04-A-S,S10+ (Discontinue After Finish Selling)
D1-01-01-B-S,S22U
D1-03-02-A-S,S22+
D1-04-01-B-S,S21+
D1-05-01-A-S,S20U
D1-06-02-B-S,S20+
D1-05-02-A-S,S20
D1-06-04-B-S,S10+
D1-03-05-A-S,N20
D1-03-02-B-S,S22+
D1-04-02-S,S21+
D1-05-01-B-S,S20U
D1-05-03-A-S,S20+
D1-05-02-B-S,S20
D1-06-01-A-S,S20FE 5G
D1-03-05-B-S,N20
G1-01-01-BLUE-S,S21+
G1-01-01-PURPLE-S,S21+
G1-01-01-GOLD-S,S21+
G1-01-01-SILVER-S,S21+
G1-01-01-RED-S,S21+
G1-01-01-PINK-S,S21+
G1-01-01-BLACK-S,S21+
G1-01-02-BLUE-S,S21U
G1-01-02-PURPLE-S,S21U
G1-01-02-GOLD-S,S21U
G1-01-02-SILVER-S,S21U
G1-01-02-RED-S,S21U
G1-01-02-PINK-S,S21U
G1-01-02-BLACK-S,S21U
G1-02-01-BLUE-S,A32 4G
G1-02-01-PURPLE-S,A32 4G
G1-02-01-GOLD-S,A32 4G
G1-02-01-SILVER-S,A32 4G
G1-02-02-RED-S,A32 4G
G1-02-02-PINK-S,A32 4G
G1-02-02-BLACK-S,A32 4G
C5-05-06-A-S,A03s
D1-05-06-B-S,A03s
D1-05-06-A-S,A03s
D1-06-06-A-S,A03s
D1-06-06-B-S,A03s
D1-06-07-B-S,A11
C5-05-06-B-S,A11
C5-05-07-A-S,A12
C5-01-01-BROWN-S,A12
C5-01-01-BLACK-S,A12
C5-02-01-GREY-S,A12
C5-02-01-PINK-S,A12
C5-05-07-B-S,A13
C5-01-02-BROWN-S,A13
C5-01-02-BLACK-S,A13
C5-02-02-GREY-S,A13
C5-02-02-PINK-S,A13
C5-06-06-A-S,A20
C5-06-06-B-S,A21
C5-01-04-BROWN-S,A21
C5-01-04-BLACK-S,A21
C5-02-04-GREY-S,A21
C5-02-04-PINK-S,A21
C5-06-07-A-S,A22
C5-01-05-BROWN-S,A22 5G
C5-01-05-BLACK-S,A22 5G
C5-02-05-GREY-S,A22 5G
C5-02-05-PINK-S,A22 5G
C5-06-07-B-S,A23
C5-01-06-BROWN-S,A23
C5-01-06-BLACK-S,A23
C5-02-06-GREY-S,A23
C5-02-06-PINK-S,A23
C5-01-03-BROWN-S,A30
C5-01-03-BLACK-S,A30
C5-02-03-GREY-S,A30
C5-02-03-PINK-S,A30
M3-04-06-A-S,A31
C5-01-07-BROWN-S,A31
C5-01-07-BLACK-S,A31
C5-02-07-GREY-S,A31
C5-02-07-PINK-S,A31
C5-03-01-BROWN-S,A32 5G
C5-03-01-BLACK-S,A32 5G
C5-04-01-GREY-S,A32 5G
C5-04-01-PINK-S,A32 5G
C5-03-02-BROWN-S,A33 5G
C5-03-02-BLACK-S,A33 5G
C5-04-02-GREY-S,A33 5G
C5-04-02-PINK-S,A33 5G
C5-03-03-BROWN-S,A42 5G
C5-03-03-BLACK-S,A42 5G
C5-04-03-GREY-S,A42 5G
C5-04-03-PINK-S,A42 5G
C5-03-04-BROWN-S,A50
C5-03-04-BLACK-S,A50
C5-04-04-GREY-S,A50
C5-04-04-PINK-S,A50
C5-03-05-BROWN-S,A51
C5-03-05-BLACK-S,A51
C5-04-05-GREY-S,A51
C5-04-05-PINK-S,A51
C5-03-06-BROWN-S,A52 5G
C5-03-06-BLACK-S,A52 5G
C5-04-06-GREY-S,A52 5G
C5-04-06-PINK-S,A52 5G
C5-03-07-BROWN-S,A53 5G
C5-03-07-BLACK-S,A53 5G
C5-04-07-GREY-S,A53 5G
C5-04-07-PINK-S,A53 5G
C5-05-01-BROWN-S,A70
C5-05-01-BLACK-S,A70
C5-06-01-PINK-S,A70
C5-05-02-BROWN-S,A71
C5-05-02-BLACK-S,A71
C5-06-02-GREY-S,A71
C5-06-02-PINK-S,A71
C5-05-03-BROWN-S,A72 5G
C5-05-03-BLACK-S,A72 5G
C5-06-03-GREY-S,A72 5G
C5-06-03-PINK-S,A72 5G
D1-06-05-B-S,A73
D1-06-05-A-S,A73
D1-05-05-B-S,A73
D1-05-05-A-S,A73
C5-05-04-BROWN-S,A73 5G
C5-05-04-BLACK-S,A73 5G
C5-06-04-GREY-S,A73 5G
C5-06-04-PINK-S,A73 5G
C5-05-05-BROWN-S,A80
C5-05-05-BLACK-S,A80
C5-06-05-GREY-S,A80
C5-06-05-PINK-S,A80
G4-03-03-B-S,S23 FE/S23+
G4-03-03-A-S,S23 FE/S23+
G4-04-03-B-S,S23 FE/S23+
G4-03-01-A-S,S23 FE/S23+
G4-04-03-A-S,S23 FE/S23+
G4-03-01-B-S,S23 FE/S23+
G4-03-04-A-S,S23 
G4-06-01-A-S,S23 
G4-03-04-B-S,S23 
G4-04-04-B-S,S23 
G4-04-04-A-S,S23 
G4-04-01-A-S,S23U
G4-04-02-B-S,S23U
G4-04-02-A-S,S23U
G4-04-01-B-S,S23U
G4-03-02-A-S,S23U
G4-03-02-B-S,S23U
C3-03-05-PINK-S,S22 
C3-03-05-BLUE-S,S22 
C3-03-05-GOLD-S,S22 
C3-03-05-PURPLERED-S,S22 
C3-04-05-BLACK-S,S22+ 
C3-04-05-SILVER-S,S22+ 
C3-04-05-PINK-S,S22+ 
C3-04-05-PURPLEBLUE-S,S22+ 
C3-04-05-BLUE-S,S22+ 
C3-04-05-GOLD-S,S22+ 
C3-04-05-PURPLERED-S,S22+ 
C3-03-02-SILVER-S,S22U
C3-03-02-PINK-S,S22U
C3-03-02-PURPLEBLUE-S,S22U
C3-03-02-BLUE-S,S22U
C3-03-02-GOLD-S,S22U
NONE (PURPLERED)-S,S22U
C3-03-06-PINK-S,S21 
C3-03-06-PURPLEBLUE-S,S21 
C3-03-06-BLUE-S,S21 
C3-03-06-GOLD-S,S21 
C3-04-06-BLACK-S,S21+ 
C3-04-06-SILVER-S,S21+ 
C3-04-06-PINK-S,S21+ 
C3-04-06-PURPLEBLUE-S,S21+ 
C3-04-06-BLUE-S,S21+ 
C3-04-06-GOLD-S,S21+ 
C3-04-06-PURPLERED-S,S21+ 
C3-03-03-SILVER-S,S21U
C3-03-03-PINK-S,S21U
C3-03-03-PURPLEBLUE-S,S21U
C3-03-03-BLUE-S,S21U
C3-03-03-GOLD-S,S21U
C3-03-03-PURPLERED-S,S21U
C3-04-03-SILVER-S,S21 FE
C3-04-03-PINK-S,S21 FE
C3-04-03-PURPLEBLUE-S,S21 FE
C3-04-03-BLUE-S,S21 FE
C3-04-03-GOLD-S,S21 FE
C3-04-03-PURPLERED-S,S21 FE
C3-04-04-BLACK-S,S20 FE
C3-04-04-SILVER-S,S20 FE
C3-04-04-PINK-S,S20 FE
C3-04-04-PURPLEBLUE-S,S20 FE
C3-04-04-BLUE-S,S20 FE
C3-03-04-SILVER-S,S20U 
C3-03-04-PURPLEBLUE-S,S20U 
C3-03-04-BLUE-S,S20U 
C3-03-04-GOLD-S,S20U 
C3-03-04-PURPLERED-S,S20U 
C3-04-07-SILVER-S,S20+ 
C3-04-07-PINK-S,S20+ 
C3-04-07-PURPLEBLUE-S,S20+ 
C3-04-07-BLUE-S,S20+ 
C3-04-07-GOLD-S,S20+ 
C3-04-07-PURPLERED-S,S20+ 
C3-03-07-BLACK-S,S20
C3-03-07-PINK-S,S20
C3-03-07-PURPLEBLUE-S,S20
C3-03-07-BLUE-S,S20
C3-03-07-GOLD-S,S20
C3-05-06-BLACK-S,S10
C3-05-06-SILVER-S,S10
C3-05-06-PINK-S,S10
C3-05-06-BLUE-S,S10
C3-05-06-PURPLERED-S,S10
C3-06-06-SILVER-S,S10+ 
C3-06-06-BLUE-S,S10+ 
C3-06-06-GOLD-S,S10+ 
C3-06-06-PURPLERED-S,S10+ 
C3-05-05-PINK-S,S10 5G
C3-05-05-GOLD-S,S10 5G
C3-05-05-PURPLERED-S,S10 5G
C3-06-05-SILVER-S,S10e
C3-06-05-PINK-S,S10e
C3-06-05-PURPLEBLUE-S,S10e
C3-06-05-GOLD-S,S10e
C3-06-05-PURPLERED-S,S10e
C3-05-07-BLACK-S,S9
C3-05-07-SILVER-S,S9
C3-05-07-PINK-S,S9
C3-05-07-PURPLEBLUE-S,S9
C3-05-07-BLUE-S,S9
C3-05-07-PURPLERED-S,S9
C3-06-07-SILVER-S,S9+ 
C3-06-07-PINK-S,S9+ 
C3-06-07-PURPLEBLUE-S,S9+ 
C3-06-07-BLUE-S,S9+ 
C3-06-07-GOLD-S,S9+ 
C3-06-07-PURPLERED-S,S9+ 
C3-06-04-BLACK-S,N9 
C3-06-04-SILVER-S,N9 
C3-06-04-PINK-S,N9 
C3-06-04-PURPLEBLUE-S,N9 
C3-06-04-GOLD-S,N9 
C3-06-04-PURPLERED-S,N9 
C3-05-04-SILVER-S,N10
C3-05-04-PURPLEBLUE-S,N10
C3-05-04-BLUE-S,N10
C3-05-04-GOLD-S,N10
C3-05-04-PURPLERED-S,N10
C3-03-01-BLACK-S,N20 
C3-03-01-SILVER-S,N20 
C3-03-01-PINK-S,N20 
C3-03-01-BLUE-S,N20 
C3-03-01-PURPLERED-S,N20 
C3-04-01-BLACK-S,N20U 
C3-04-01-SILVER-S,N20U 
C3-04-01-PINK-S,N20U 
C3-04-01-PURPLEBLUE-S,N20U 
C3-04-01-BLUE-S,N20U 
C3-04-01-GOLD-S,N20U 
C3-06-03-BLACK-S,A21s
C3-06-03-SILVER-S,A21s
C3-06-03-PURPLEBLUE-S,A21s
C3-06-03-BLUE-S,A21s
C3-06-03-GOLD-S,A21s
B5-04-06-A-S,S22U
B5-04-06-B-S,s22+
B5-05-06-A-S,s22
B5-05-06-B-S,s21 FE
B5-02-06-A-S,S21U
B5-02-06-B-S,s21+
B5-03-06-S,s21
B5-02-05-A-S,s20U
B5-02-05-B-S,s20+
B5-03-05-A-S,s20
B5-03-05-B-S,s10e
B5-03-04-S,s10+
B5-02-04-A-S,s10
B5-02-04-B-S,s9+
B5-02-03-A-S,s9
B5-02-03-B-S,s8+
B5-03-03-S,s8
B5-03-02-A-S,N20
B5-03-02-B-S,N20U
B5-02-02-A-S,N10
B5-02-02-B-S,N10+
B5-04-01-A-S,A02s
B5-04-01-B-S,A11
B5-03-01-A-S,A12 5G
B5-03-01-B-S,A13 4G/5G
B5-05-03-A-S,A20/A30
B5-05-03-B-S,A21s
B5-05-02-A-S,A22 5G
B5-05-02-B-S,A23 5G
B5-04-02-S,A32 4G
B4-04-03-A-S,A33 5G
B5-04-03-B-S,A42 5G
B5-05-04-A-S,A50
B5-05-04-B-S,A51
B5-04-04-A-S,A52
B5-04-04-B-S,A53
B5-05-05-A-S,A70
B5-05-05-B-S,A71
B5-04-05-S,A72
C3-02-09-S,Pixel 6
C3-02-08-S,Pixel 6
C3-01-09-S,Pixel 6
C3-01-08-S,Pixel 6
C3-02-07-S,Pixel 6+
C3-02-06-S,Pixel 6+
D4-01-05-A-S,A73 5G
D4-01-05-B-S,A73 5G
D4-02-05-A-S,A73 5G
D4-01-04-A-S,A53 5G
D4-01-04-B-S,A53 5G
D4-02-04-A-S,A53 5G
D4-02-04-B-S,A53 5G
D4-03-04-A-S,A33
D4-03-04-B-S,A33
D4-04-04-A-S,A33
D4-04-04-B-S,A33
D4-01-07-A-S,A23
D4-01-07-B-S,A23
D4-02-07-A-S,A23
D4-02-07-B-S,A23
D4-01-03-A-S,A13 4G/5G
D4-01-03-B-S,A13 4G/5G
D4-02-03-A-S,A13 4G/5G
"D1-02-06-A, D4-02-03-B-S",A13 4G/5G
D1-03-04-A-S,A03S
D1-01-06-B-S,A03S
D4-06-01-A-S,A03S
D1-01-06-A-S,A03S
D4-03-05-A-S,A52 5G
D4-03-05-B-S,A52 5G
D4-04-05-A-S,A52 5G
D4-04-05-B-S,A52 5G
D1-04-04-B-S,A42
D4-05-02-B-S,A42
D1-03-04-B-S,A42
D1-04-04-A-S,A42
D4-03-03-A-S,A32 5G
D4-03-03-B-S,A32 5G
D4-04-03-A-S,A32 5G
D4-04-03-B-S,A32 5G
D4-03-02-A-S,A22 5G
D4-03-02-B-S,A22 5G
D4-04-02-B-S,A22 5G
D4-03-01-A-S,A12
D4-03-01-B-S,A12
D4-04-01-A-S,A12
D4-04-01-B-S,A12
D4-03-06-A-S,A51
D4-03-06-B-S,A51
D4-04-06-A-S,A51
D4-04-06-B-S,A51
D4-01-06-A-S,A31
D4-01-06-B-S,A31
D4-02-06-A-S,A31
D4-02-06-B-S,A31
D1-04-05-A-S,A21
D1-02-06-B-S,A21
D4-06-03-A-S,A21
D4-06-03-B-S,A21
D1-05-07-A-S,A11
D1-05-07-B-S,A11
D1-06-07-A-S,A11
D4-05-04-A-S,A80/A90
D4-05-04-B-S,A80/A90
D4-06-04-A-S,A80/A90
D4-06-04-B-S,A80/A90
D1-01-07-B-S,A71
D1-01-07-A-S,A71
D1-03-03-A-S,A72 5G
D1-03-03-B-S,A72 5G
D1-04-03-A-S,A72 5G
D1-04-03-B-S,A72 5G
D4-05-05-B-S,A70
D4-06-06-A-S,A30/A20
D4-06-06-B-S,A30/A20
D1-04-07-A-S,A60
D1-04-07-B-S,A50/A50S/A30S
G4-03-05-ORANGE-S,S20+ 
G4-03-05-YELLOW-S,S20+ 
G4-03-05-BLUE-S,S20+ 
G4-03-05-RED-S,S20+ 
G4-03-06-ORANGE-S,S20 
G4-03-06-YELLOW-S,S20 
G4-03-06-BLUE-S,S20 
G4-03-06-RED-S,S20 
G4-03-07-ORANGE-S,S20U 
G4-03-07-YELLOW-S,S20U 
G4-03-07-BLUE-S,S20U 
G4-04-05-PINK-S,S20+ 
G4-04-05-PURPLE-S,S20+ 
G4-04-06-PINK-S,S20 
G4-04-06-PURPLE-S,S20 
G4-04-07-RED-S,S20U 
G4-04-07-PINK-S,S20U 
H3-06-01-MIDNIGHT BLUE-S,A52
H3-05-01-PURPLE-S,A52
H3-05-01-CREAM-S,A52
H3-05-01-WHITE-S,A52
H3-06-01-BLUE-S,A52
H3-06-01-RED-S,A52
H3-05-02-WHITE-S,A72
H3-05-02-CREAM-S,A72
H3-05-02-RED-S,A72
H3-05-02-MIDNIGHT BLUE-S,A72
H3-06-02-BLUE-S,A72
H3-06-02-PURPLE-S,A72
H3-05-03-MIDNIGHT BLUE-S,S21U
H3-05-03-BLUE-S,a32
H3-06-03-BLUE-S,a73
H3-06-03-RED-S,a73
H2-05-03-PINKGREEN-S,12/12P
H2-05-03-GREENPINK-S,12/12P
H2-06-03-PINKGREEN-S,12PM
H2-06-03-GREENPINK-S,12PM
H1-06-07-PINKRED-S,13
H1-05-07-PINKGREEN-S,13
H1-05-07-GREENPINK-S,13
H1-06-07-RED-S,13
H2-06-01-PINKGREEN-S,13m
H2-06-01-GREENPINK-S,13m
H1-05-05-PINKGREEN-S,14
H1-05-05-GREENPINK-S,14
H1-05-01-BLACK-S,14
H1-05-01-BLUE-S,14
H1-06-03-PINKRED-S,14+
H1-06-02-BLACK-S,14+
H1-06-02-BLUE-S,14+
H1-05-02-WHITEBLACK-S,14+
H1-06-03-RED-S,14+
H1-05-02-GREEN-S,14+
H1-05-04-PINKRED-S,14P
H1-06-05-PINKGREEN-S,14P
H1-06-05-GREENPINK-S,14P
H1-05-04-BLUE-S,14P
H1-06-04-WHITEBLACK-S,14P
H1-05-04-RED-S,14P
H1-06-04-GREEN-S,14P
H1-05-03-BLACK-S,14PM
H1-05-03-BLUE-S,14PM
H1-05-03-RED-S,14PM
C4-04-04-PINK-S,12+/Max
C4-04-04-BLUE-S,12+/Max
C4-04-04-LIGHTBLUE-S,12+/Max
C4-05-07-PURPLE-S,12/12P
C4-06-06-PINK-S,12/12P
C4-06-06-BLUE-S,12/12P
C4-05-07-RED-S,12/12P
C4-06-06-LIGHT BLUE-S,12/12P
C4-05-07-GREEN-S,12/12P
C4-05-06-PURPLE-S,12PM
C4-06-05-PINK-S,12PM
C4-06-05-BLUE-S,12PM
C4-05-06-RED-S,12PM
C4-06-05-LIGHT BLUE-S,12PM
C4-05-06-GREEN-S,12PM
C4-06-07-PINK-S,12m
C4-06-07-BLUE-S,12m
C4-06-07-LIGHT BLUE-S,12m
C4-05-04-PURPLE-S,13
C4-06-03-PINK-S,13
C4-06-03-BLUE-S,13
C4-05-04-RED-S,13
C4-06-03-LIGHT BLUE-S,13
C4-05-04-GREEN-S,13
C4-05-03-PURPLE-S,13P
C4-06-02-PINK-S,13P
C4-06-02-BLUE-S,13P
C4-05-03-RED-S,13P
C4-06-02-LIGHT BLUE-S,13P
C4-05-03-GREEN-S,13P
C4-05-02-PURPLE-S,13PM
C4-06-01-PINK-S,13PM
C4-06-01-BLUE-S,13PM
C4-05-02-RED-S,13PM
C4-06-01-LIGHT BLUE-S,13PM
C4-05-02-GREEN-S,13PM
C4-05-05-PURPLE-S,13m
C4-06-04-PINK-S,13m
C4-06-04-BLUE-S,13m
C4-05-05-RED-S,13m
C4-06-04-LIGHTBLUE-S,13m
C4-05-05-GREEN-S,13m
C4-03-04-PURPLE-S,14
C4-04-02-PINK-S,14
C4-04-02-BLUE-S,14
C4-03-04-RED-S,14
C4-04-02-LIGHT BLUE-S,14
C4-03-04-GREEN-S,14
C4-05-01-PURPLE-S,14+
C4-05-01-RED-S,14+
C4-05-01-GREEN-S,14+
C4-03-02-PURPLE-S,14P
C4-04-03-PINK-S,14P
C4-04-03-BLUE-S,14P
C4-03-02-RED-S,14P
C4-04-03-LIGHT BLUE-S,14P
C4-03-02-GREEN-S,14P
C4-03-03-PURPLE-S,14PM
C4-04-01-PINK-S,14PM
C4-04-01-BLUE-S,14PM
C4-03-03-RED-S,14PM
C4-04-01-LIGHT BLUE-S,14PM
C4-03-03-GREEN-S,14PM
C1-01-12-S,8/SE2/SE3
C1-01-14-S,8/SE2/SE3
C1-01-13-S,8/SE2/SE3
C1-01-11-S,8/SE2/SE3
C1-02-11-S,8+
C1-02-10-S,8+
C1-01-10-S,11P
C1-01-04-S,11P
C1-01-03-S,11P
C1-01-09-S,11P
C1-02-09-S,12PM
C1-01-02-S,12PM
C1-01-01-S,12PM
C1-02-08-S,12PM
C1-03-14-S,12/12P
C1-03-13-S,12/12P
C1-01-08-S,12PM
C1-03-12-S,12PM
C1-03-11-S,12PM
C1-01-07-S,12PM
C1-02-13-S,12m
C2-03-02-S,12m
C2-03-01-S,12m
C1-02-12-S,12m
C1-01-06-S,13
C1-03-08-S,13
C1-03-07-S,13
C1-01-05-S,13
C1-02-05-S,13P
C1-03-06-S,13P
C1-03-05-S,13P
C1-02-04-S,13P
C1-02-03-S,13PM
C1-03-04-S,13PM
C1-03-03-S,13PM
C1-02-02-S,13PM
C1-02-07-S,13m
C1-03-10-S,13m
C1-03-09-S,13m
C1-02-06-S,13m
C1-04-09-S,14
C1-03-02-S,14
C1-03-01-S,14
C1-04-08-S,14
C1-04-13-S,14P
C1-04-05-S,14P
C1-04-04-S,14P
C1-04-12-S,14P
C2-04-02-S,14PM
C1-04-07-S,14PM
C1-04-06-S,14PM
C2-04-01-S,14PM
C1-04-11-S,14+
C1-04-03-S,14+
C1-04-02-S,14+
C1-04-10-S,14+
B4-02-02-S,11PM
B4-02-03-B-S,12m
B4-02-04-S,13P
B4-02-06-S,13PM
B4-02-03-A-S,13m
B4-01-03-S,14
B4-02-05-S,14+
B4-01-04-S,14P
B4-01-06-S,14PM
C2-02-10-S,XS
C2-02-11-S,XSMAX
C2-01-10-S,11
C2-01-11-S,11P
C2-05-02-A-S,11P
C2-06-02-A-S,11P
C2-05-02-B-S,11P
C2-02-08-S,12PM
C2-05-03-A-S,12PM
C2-06-03-A-S,12PM
C2-06-03-B-S,12PM
C2-05-03-B-S,12PM
C2-01-09-S,12/12P
C2-03-04-S,12/12P
C2-04-04-S,12/12P
C2-04-03-S,12/12P
C2-03-03-S,12/12P
C2-03-06-S,12PM
C2-04-06-S,12PM
C2-04-05-S,12PM
C2-03-05-S,12PM
C2-02-09-S,12m
C2-05-06-A-S,12m
C2-06-06-A-S,12m
C2-06-06-B-S,12m
C2-05-06-B-S,12m
C2-04-10-S,13
C2-04-09-S,13
C2-01-07-S,13P
C2-03-10-S,13P
C2-04-12-S,13P
C2-04-11-S,13P
C2-03-09-S,13P
C2-01-08-S,13PM
C2-03-12-S,13PM
C2-04-14-S,13PM
C2-04-13-S,13PM
C2-03-11-S,13PM
C2-02-07-S,13m
C2-03-08-S,13m
C2-04-08-S,13m
C2-04-07-S,13m
C2-03-07-S,13m
C2-02-05-S,14
C2-05-05-A-S,14
C2-06-05-A-S,14
C2-06-05-B-S,14
C2-05-05-B-S,14
C2-01-05-S,14P
C2-01-02-S,14P
C2-02-02-S,14P
C2-02-01-S,14P
C2-01-01-S,14P
C2-01-06-S,14PM
C2-01-04-S,14PM
C2-02-04-S,14PM
C2-02-03-S,14PM
C2-01-03-S,14PM
C2-02-06-S,14+
C2-05-04-A-S,14+
C2-06-04-A-S,14+
C2-06-04-B-S,14+
C2-05-04-B-S,14+
A1-05-08A-S,11
A1-05-08B-S,11
A1-05-09A-S,11
A1-05-09B-S,11
A1-04-08A-S,11P
A1-04-08B-S,11P
A1-04-09A-S,11P
A1-04-09B-S,11P
A1-03-08-A-S,12PM
A1-03-08B-S,12PM
A1-03-09A-S,12PM
A1-03-09B-S,12PM
A1-02-03-S,12/12P
A1-01-02-S,12/12P
A1-02-07A-S,12/12P
A1-02-07B-S,12/12P
A1-01-09A-S,12PM
A1-01-09B-S,12PM
A1-01-03-A-S,12PM
A1-01-03-B-S,12PM
A1-03-03-A-S,12m
A1-03-03-B-S,12m
A1-03-07A-S,12m
A1-03-07B-S,12m
A1-01-07-A-S,13
A1-01-07B-S,13
A1-01-08A-S,13
A1-01-08B-S,13
A1-05-03A-S,13P
A1-05-03B-S,13P
A1-05-07A-S,13P
A1-05-07B-S,13P
A1-04-03A-S,13PM
A1-04-03B-S,13PM
A1-04-07A-S,13PM
A1-04-07B-S,13PM
A1-02-01-A-S,13m
A1-02-01-B-S,13m
A1-02-02-A-S,13m
A1-02-02-B-S,13m
A1-02-08A-S,14PM
A1-02-08B-S,14PM
A1-02-09A-S,14PM
A1-02-09B-S,14PM
A1-03-01-A-S,14P
A1-03-01-B-S,14P
A1-03-02-A-S,14P
A1-03-02-B-S,14P
A1-04-01-A-S,14+
A1-04-01-B-S,14+
A1-04-02A-S,14+
A1-04-02B-S,14+
A1-05-01-A-S,14
A1-05-01B-S,14
A1-05-02A-S,14
A1-05-02B-S,14
A1-01-01-A-S,12P
A1-01-01-B-S,12P
G4-04-05-DARK PURPLE-S,11
G4-04-05-LIGHT PURPLE-S,11
G4-03-05-BLACK-S,11
G4-04-05-RED-S,11
G4-03-05-ROSE PINK-S,11
G4-04-06-DARK PURPLE-S,11P
G4-04-06-LIGHT PURPLE-S,11P
G4-03-06-BLACK-S,11P
G4-04-06-RED-S,11P
G4-03-06-ROSE PINK-S,11P
G4-05-01-DARKPURPLE-S,12PM
G4-05-01-LIGHTPURPLE-S,12PM
G4-05-01-BLACK-S,12PM
G4-05-01-RED-S,12PM
G4-05-01-ROSEPINK-S,12PM
G4-02-07-BLACK-S,12
G4-02-07-ROSEPINK-S,12
G4-01-07-BLACK-S,12PM
G4-01-07-ROSEPINK-S,12PM
G4-02-01-DARK PURPLE-S,13PM
G4-02-01-LIGHT PURPLE-S,13PM
G4-01-01-BLACK-S,13PM
G4-02-01-RED-S,13PM
G4-01-01-ROSE PINK-S,13PM
H2-05-02-BLACK-S,12/12P
H2-06-02-BLACK-S,12m
H1-05-06-BLACK-S,13PM
H2-05-01-BLACK-S,13m
H1-06-01-BLACK-S,14
H1-06-06-BLACK-S,14PM
H2-05-02-RED-S,12/12P
H2-06-02-RED-S,12m
H1-05-06-RED-S,13PM
H2-05-01-RED-S,13m
H1-06-06-RED-S,14PM
H2-05-02-BLUE-S,12/12P
H2-06-02-BLUE-S,12m
H2-05-01-BLUE-S,13m
H1-06-01-BLUE-S,14
H1-06-06-BLUE-S,14PM
C4-02-01-BROWN-S,11P
C4-02-01-GREEN-S,11P
C4-02-01-PINK-S,11P
C4-02-01-BLACK-S,11P
C4-02-07-BROWN-S,12PM
C4-02-07-GREEN-S,12PM
C4-02-07-PINK-S,12PM
C4-02-07-BLACK-S,12PM
C4-02-06-BROWN-S,12/12P
C4-02-06-GREEN-S,12/12P
C4-02-06-PINK-S,12/12P
C4-02-06-BLACK-S,12/12P
C4-01-06-BROWN-S,12PM
C4-01-06-GREEN-S,12PM
C4-01-06-PINK-S,12PM
C4-01-06-BLACK-S,12PM
C4-01-07-BROWN-S,12m
C4-01-07-GREEN-S,12m
C4-01-07-PINK-S,12m
C4-01-07-BLACK-S,12m
C4-01-05-BROWN-S,13
C4-01-05-GREEN-S,13
C4-01-05-PINK-S,13
C4-01-05-BLACK-S,13
C4-02-04-BROWN-S,13P
C4-02-04-GREEN-S,13P
C4-02-04-PINK-S,13P
C4-02-04-BLACK-S,13P
C4-01-04-BROWN-S,13PM
C4-01-04-GREEN-S,13PM
C4-01-04-PINK-S,13PM
C4-01-04-BLACK-S,13PM
C4-02-05-BROWN-S,13m
C4-02-05-GREEN-S,13m
C4-02-05-PINK-S,13m
C4-02-05-BLACK-S,13m
C4-02-03-BROWN-S,14
C4-02-03-TEAL-S,14
C4-02-03-PINK-S,14
C4-02-03-BLACK-S,14
C4-01-03-BROWN-S,14+
C4-01-03-TEAL-S,14+
C4-01-03-PINK-S,14+
C4-01-03-BLACK-S,14+
C4-02-02-BROWN-S,14P
C4-02-02-TEAL-S,14P
C4-02-02-PINK-S,14P
C4-02-02-BLACK-S,14P
C4-01-02-BROWN-S,14PM
C4-01-02-TEAL-S,14PM
C4-01-02-PINK-S,14PM
C4-01-02-BLACK-S,14PM
D2-05-01-RED-S,8+
D2-05-01-PINK-S,8+
D2-03-02-BLACK-S,8+
D2-04-02-ORANGE-S,8+
D2-04-02-DEEP PINK-S,8+
D2-03-02-GREY-S,8+
D2-04-02-BLUE-S,8+
D2-04-02-GREY-ISH BLUE-S,8+
D2-03-02-TEAL-S,8+
D2-03-02-PINK-S,8+
D2-02-07-BLACK-S,8+
D2-04-06-ORANGE-S,8+
D2-04-06-DEEP PINK-S,8+
D2-02-07-GREY-S,8+
D2-04-06-BLUE-S,8+
D2-04-06-GREY-ISH BLUE-S,8+
D2-02-07-TEAL-S,8+
D2-02-07-PINK-S,8+
D2-03-05-BLACK-S,8+
D2-04-05-ORANGE-S,8+
D2-04-05-DEEP PINK-S,8+
D2-03-05-PINK-S,8+
D2-02-06-BLACK-S,8+
D2-03-06-ORANGE-S,8+
D2-03-06-DEEP PINK-S,8+
D2-02-06-GREY-S,8+
D2-03-06-BLUE-S,8+
D2-03-06-GREY-ISH BLUE-S,8+
D2-02-06-TEAL-S,8+
D2-02-06-PINK-S,8+
D2-03-07-BLACK-S,8+
D2-04-07-ORANGE-S,8+
D2-04-07-DEEP PINK-S,8+
D2-03-07-GREY-S,8+
D2-04-07-BLUE-S,8+
D2-04-07-GREY-ISH BLUE-S,8+
D2-03-07-TEAL-S,8+
D2-03-07-PINK-S,8+
D2-02-03-BLACK-S,8+
D2-03-03-ORANGE-S,8+
D2-03-03-DEEP PINK-S,8+
D2-02-03-GREY-S,8+
D2-03-03-BLUE-S,8+
D2-03-03-GREY-ISH BLUE-S,8+
D2-02-03-TEAL-S,8+
D2-02-03-PINK-S,8+
D2-02-02-BLACK-S,8+
D2-04-01-ORANGE-S,8+
D2-02-02-GREY-S,8+
D2-04-01-BLUE-S,8+
D2-02-02-TEAL-S,8+
D2-02-02-PINK-S,8+
D2-02-01-BLACK-S,8+
D2-03-01-ORANGE-S,8+
D2-03-01-DEEP PINK-S,8+
D2-02-01-GREY-S,8+
D2-03-01-BLUE-S,8+
D2-03-01-GREY-ISH BLUE-S,8+
D2-02-01-TEAL-S,8+
D2-02-01-PINK-S,8+
D2-02-04-BLACK-S,8+
D2-04-03-ORANGE-S,8+
D2-04-03-DEEP PINK-S,8+
D2-02-04-GREY-S,8+
D2-04-03-BLUE-S,8+
D2-04-03-GREY-ISH BLUE-S,8+
D2-02-04-TEAL-S,8+
D2-02-04-PINK-S,8+
D2-01-01-BLACK-S,8+
D2-01-02-ORANGE-S,8+
D2-01-01-DEEP PINK-S,8+
D2-01-02-GREY-S,8+
D2-01-02-BLUE-S,8+
D2-01-01-GREY-ISH BLUE-S,8+
D2-01-01-TEAL-S,8+
D2-01-01-PINK-S,8+
D2-01-05-BLACK-S,8+
D2-02-05-ORANGE-S,8+
D2-01-05-DEEP PINK-S,8+
D2-01-05-GREY-S,8+
D2-02-05-BLUE-S,8+
D2-01-05-GREY-ISH BLUE-S,8+
D2-02-05-TEAL-S,8+
D2-02-05-PINK-S,8+
D2-01-03-BLACK-S,8+
D2-01-04-ORANGE-S,8+
D2-01-03-DEEP PINK-S,8+
D2-01-03-GREY-S,8+
D2-01-04-BLUE-S,8+
D2-01-04-GREY-ISH BLUE-S,8+
D2-01-03-TEAL-S,8+
D2-01-03-PINK-S,8+
D2-01-06-BLACK-S,8+
D2-01-07-ORANGE-S,8+
D2-01-07-DEEP PINK-S,8+
D2-01-06-GREY-S,8+
D2-01-07-BLUE-S,8+
D2-01-07-GREY-ISH BLUE-S,8+
D2-01-06-TEAL-S,8+
D2-01-06-PINK-S,8+
C1-00-03-BLACK-S,8+
C1-00-03-WHITE-S,8+
C1-00-03-MIDNIGHTGREEN-S,8+
C1-00-03-LIGHTPINK-S,8+
C1-00-03-LIGHTPURPLE-S,8+
C1-00-03-RED-S,8+
C1-00-04-MIDNIGHTGREEN-S,8+
C1-00-04-LIGHTPINK-S,8+
C1-00-04-RED-S,8+
C1-06-01-BLACK-S,8+
C1-06-01-WHITE-S,8+
C1-00-05-MIDNIGHTGREEN-S,8+
C1-06-01-MIDNIGHT BLUE-S,8+
C1-00-05-LIGHTPINK-S,8+
C1-00-05-LIGHTPURPLE-S,8+
C1-00-05-RED-S,8+
C1-06-02-BLACK-S,8+
C1-06-02-WHITE-S,8+
C1-00-06-MIDNIGHTGREEN-S,8+
C1-06-02-MIDNIGHT BLUE-S,8+
C1-00-06-LIGHTPINK-S,8+
C1-00-06-LIGHTPURPLE-S,8+
C1-00-06-RED-S,8+
C1-06-04-BLACK-S,8+
C1-06-04-WHITE-S,8+
C2-00-01-MIDNIGHTGREEN-S,8+
C1-06-04-MIDNIGHT BLUE-S,8+
C2-00-01-LIGHTPINK-S,8+
C2-00-01-LIGHTPURPLE-S,8+
C2-00-01-RED-S,8+
C1-06-03-BLACK-S,12mini
C1-06-03-WHITE-S,12mini
C1-00-07-MIDNIGHTGREEN-S,8+
C1-06-03-MIDNIGHT BLUE-S,12mini
C1-00-07-LIGHTPINK-S,8+
C1-00-07-LIGHTPURPLE-S,8+
C1-00-07-RED-S,8+
C1-06-05-BLACK-S,8+
C1-06-05-WHITE-S,8+
C2-00-02-MIDNIGHTGREEN-S,8+
C1-06-05-MIDNIGHT BLUE-S,8+
C2-00-02-LIGHTPINK-S,8+
C2-00-02-LIGHTPURPLE-S,8+
C2-00-02-RED-S,8+
C1-06-07-BLACK-S,8+
C1-06-07-WHITE-S,8+
C2-00-04-MIDNIGHTGREEN-S,8+
C1-06-07-MIDNIGHT BLUE-S,8+
C2-00-04-LIGHTPINK-S,8+
C2-00-04-LIGHTPURPLE-S,8+
C2-00-04-RED-S,8+
C2-06-01-BLACK-S,8+
C2-06-01-WHITE-S,8+
C2-00-05-MIDNIGHTGREEN-S,8+
C2-06-01-MIDNIGHT BLUE-S,8+
C2-00-05-LIGHTPINK-S,8+
C2-00-05-LIGHTPURPLE-S,8+
C2-00-05-RED-S,8+
C1-04-01-BLACK-S,8+
C1-04-01-WHITE-S,8+
C1-05-01-MIDNIGHT GREEN-S,13PM
C1-04-01-MIDNIGHT BLUE-S,8+
C1-05-01-LIGHT PINK-S,13PM
C1-05-01-PURPLE-S,13PM
C1-06-06-BLACK-S,8+
C1-06-06-WHITE-S,8+
C2-00-03-MIDNIGHTGREEN-S,8+
C1-06-06-MIDNIGHT BLUE-S,8+
C2-00-03-LIGHTPINK-S,8+
C2-00-03-LIGHTPURPLE-S,8+
C2-00-03-RED-S,8+
C1-05-04-BLACK-S,8+
C1-05-04-WHITE-S,8+
C1-05-03-MIDNIGHT GREEN-S,8+
C1-05-04-MIDNIGHT BLUE-S,8+
C1-05-03-LIGHT PINK-S,8+
C1-05-03-LIGHT PURPLE-S,8+
C1-05-03-RED-S,8+
C1-05-02-WHITE-S,8+
C1-02-01-MIDNIGHT GREEN-S,8+
C1-05-02-MIDNIGHT BLUE-S,8+
C1-02-01-LIGHT PINK-S,8+
C1-02-01-LIGHT PURPLE-S,8+
C1-02-01-RED-S,8+
C1-05-06-BLACK-S,8+
C1-05-06-WHITE-S,8+
C1-05-05-MIDNIGHT GREEN-S,8+
C1-05-06-MIDNIGHT BLUE-S,8+
C1-05-05-LIGHT PINK-S,8+
C1-05-05-LIGHT PURPLE-S,8+
C1-05-05-RED-S,8+
C2-05-01-BLACK-S,8+
C2-05-01-WHITE-S,8+
C1-05-07-MIDNIGHT GREEN-S,8+
C2-05-01-MIDNIGHT BLUE-S,8+
C1-05-07-LIGHT PINK-S,8+
C1-05-07-LIGHT PURPLE-S,8+
C1-05-07-RED-S,8+
E2-06-00-A-S,8+
E2-06-00-B-S,8+
G1-06-03-B-S,8+
G1-05-04-A-S,8+
E3-06-04-B-S,8+
E3-06-04-A-S,8+
G1-05-04-B-S,8+
E3-06-03-B-S,8+
G1-06-04-A-S,8+
E3-06-03-A-S,8+
G1-06-04-B-S,8+
G1-05-05-A-S,8+
G1-05-05-B-S,8+
E3-04-07-B-S,8+
E3-05-07-A-S,8+
E3-03-07-B-S,8+
E3-04-07-A-S,8+
G1-06-05-A-S,8+
G1-06-05-B-S,8+
E3-05-07-B-S,8+
G1-06-08-BLACK-S,8+
E2-05-00-B-S,8+
E2-05-00-A-S,8+
G1-05-08-DARKGREY-S,8+
G1-05-08-ROSEGOLD-S,8+
G1-06-08-DARKGREEN-S,8+
G1-06-08-MIDNIGHTBLUE-S,8+
G1-05-08-MINTGREEN-S,8+
E3-06-02-B-S,8+
E3-06-02-A-S,8+
G1-05-03-B-S,8+
G1-06-03-A-S,8+
G1-05-03-A-S,8+
E3-05-05-B-S,8+
E2-02-00-SILVER-S,8+
E3-05-04-B-S,8+
E3-04-05-A-S,8+
E3-03-05-A-S,8+
E3-03-05-B-S,8+
E2-02-00-BLUE-S,8+
E3-04-05-B-S,8+
E3-05-05-A-S,8+
E3-04-03-A-S,13P 
E3-05-03-A-S,13P 
E3-04-04-B-S,13P 
E3-04-04-A-S,13P 
E3-05-04-A-S,13P 
E3-05-03-B-S,13P 
E3-03-04-B-S,13P 
E3-04-03-B-S,13P 
E3-03-04-A-S,13P 
E3-05-01-B-S,13PM
E3-03-03-B-S,13PM
E3-04-02-A-S,13PM
E3-05-02-B-S,13PM
E3-03-03-A-S,13PM
E3-03-02-B-S,13PM
E3-03-02-A-S,13PM
E3-05-02-A-S,13PM
E3-04-02-B-S,13PM
E3-03-06-B-S,13m
E3-04-06-B-S,13m
E3-06-01-A-S,13m
E3-01-07-B-S,14
E3-06-07-A-S,14
E3-03-01-A-S,14
E3-05-01-A-S,14
E3-04-01-A-S,14
E3-02-07-A-S,14
E3-04-01-B-S,14
E3-03-01-B-S,14
E3-02-07-B-S,14
E3-01-03-B-S,14P 
E3-02-03-B-S,14P 
E3-01-04-B-S,14P 
E3-01-04-A-S,14P 
E3-01-05-A-S,14P 
E3-02-04-A-S,14P 
E3-02-03-A-S,14P 
E3-02-04-B-S,14P 
E3-01-05-B-S,14P 
E3-01-01-A-S,14PM
E3-01-01-B-S,14PM
E3-02-02-A-S,14PM
E3-02-02-B-S,14PM
E3-01-03-A-S,14PM
E3-01-02-B-S,14PM
E3-01-02-A-S,14PM
E3-02-01-B-S,14PM
E3-02-01-A-S,14PM
E3-02-05-A-S,14+
E2-01-00-SILVER-S,14+
E3-01-06-A-S,14+
E3-01-07-A-S,14+
E3-02-06-A-S,14+
E3-01-06-B-S,14+
E2-01-00-BLUE-S,14+
E3-02-05-B -S,14+
E3-02-06-B-S,14+
H3-04-07-BLACK-S,8/se2 
H3-04-07-DARKGREEN-S,8/se2 
H3-04-07-LIGHTBLUE-S,8/se2 
H3-04-07-DARKBLUE-S,8/se2 
H3-04-07-PURPLE-S,8/se2 
H2-05-05-RED-S,13m
H2-05-05-BLACK-S,13m
H2-05-05-LIGHTBLUE-S,13m
H2-05-05-DARKGREEN-S,13m
H2-05-05-DARKBLUE-S,13m
H2-05-05-PURPLE-S,13m
G1-05-06-S,13P
G1-05-07-S,13P
G1-06-07-BLACK-S,13P max 
G1-06-06-RED-S,13P max 
G1-06-07-PURPLE-S,13P max 
G1-06-06-BLUE-S,13P max 
G1-06-06-DARKBLUE-S,13P max 
G1-06-06-DARKGREEN-S,13P max 
H2-06-06-LIGHTBLUE-S,12PM
H2-06-06-DARKGREEN-S,12PM
H2-06-06-DARKBLUE-S,12PM
H2-06-06-PURPLE-S,12PM
H2-05-06-RED-S,12/12P
H2-06-07-DARKGREEN-S,12m
H2-06-07-DARKBLUE-S,12m
H2-06-07-PURPLE-S,12m
H2-05-04-RED-S,12PM
H2-05-04-BLACK-S,12PM
H2-05-04-BLUE-S,12PM
G2-05-01-BLUE-S,11
G2-05-01-RED-S,11
G2-05-01-DARKGREEN-S,11
G2-05-01-PURPLE-S,11
G2-05-01-DARKBLUE-S,11
G1-01-03-BLACK-S,iP14PM
G1-01-03-WHITE-S,iP14PM
G1-01-03-SILVER-S,iP14PM
G1-01-03-PINK-S,iP14PM
G1-02-03-ROSE PINK-S,iP14PM
G1-02-03-GOLD-S,iP14PM
G1-02-03-TEAL-S,iP14PM
G1-02-03-RED-S,iP14PM
G1-01-04-BLACK-S,iP14P
G1-01-04-WHITE-S,iP14P
G1-01-04-SILVER-S,iP14P
G1-01-04-PINK-S,iP14P
G1-02-04-ROSE PINK-S,iP14P
G1-02-04-GOLD-S,iP14P
G1-02-04-TEAL-S,iP14P
G1-02-04-RED-S,iP14P
G1-01-05-BLACK-S,iP14+
G1-01-05-WHITE-S,iP14+
G1-01-05-SILVER-S,iP14+
G1-01-05-PINK-S,iP14+
G1-02-05-ROSE PINK-S,iP14+
G1-02-05-GOLD-S,iP14+
G1-02-05-TEAL-S,iP14+
G1-02-05-RED-S,iP14+
G1-01-06-BLACK-S,iP14
G1-01-06-WHITE-S,iP14
G1-01-06-SILVER-S,iP14
G1-01-06-PINK-S,iP14
G1-02-06-ROSE PINK-S,iP14
G1-02-06-GOLD-S,iP14
G1-02-06-TEAL-S,iP14
G1-02-06-RED-S,iP14
G1-01-07-BLACK-S,iP13PM
G1-01-07-WHITE-S,iP13PM
G1-01-07-SILVER-S,iP13PM
G1-01-07-PINK-S,iP13PM
G1-02-07-ROSE PINK-S,iP13PM
G1-02-07-GOLD-S,iP13PM
G1-02-07-TEAL-S,iP13PM
G1-02-07-RED-S,iP13PM
G1-03-01-BLACK-S,iP13P 
G1-03-01-WHITE-S,iP13P 
G1-03-01-SILVER-S,iP13P 
G1-03-01-PINK-S,iP13P 
G1-04-01-ROSE PINK-S,iP13P 
G1-04-01-GOLD-S,iP13P 
G1-04-01-TEAL-S,iP13P 
G1-04-01-RED-S,iP13P 
G1-03-02-BLACK-S,iP13
G1-03-02-WHITE-S,iP13
G1-03-02-SILVER-S,iP13
G1-03-02-PINK-S,iP13
G1-04-02-ROSE PINK-S,iP13
G1-04-02-GOLD-S,iP13
G1-04-02-TEAL-S,iP13
G1-04-02-RED-S,iP13
G1-03-03-BLACK-S,iP13m
G1-03-03-WHITE-S,iP13m
G1-03-03-SILVER-S,iP13m
G1-03-03-PINK-S,iP13m
G1-04-03-ROSE PINK-S,iP13m
G1-04-03-GOLD-S,iP13m
G1-04-03-TEAL-S,iP13m
G1-04-03-RED-S,iP13m
G1-03-04-BLACK-S,iP12PM
G1-03-04-WHITE-S,iP12PM
G1-03-04-SILVER-S,iP12PM
G1-03-04-PINK-S,iP12PM
G1-04-04-ROSE PINK-S,iP12PM
G1-04-04-GOLD-S,iP12PM
G1-04-04-TEAL-S,iP12PM
G1-04-04-RED-S,iP12PM
G1-03-05-BLACK-S,iP12P
G1-03-05-WHITE-S,iP12P
G1-03-05-SILVER-S,iP12P
G1-03-05-PINK-S,iP12P
G1-04-05-ROSE PINK-S,iP12P
G1-04-05-GOLD-S,iP12P
G1-04-05-TEAL-S,iP12P
G1-04-05-RED-S,iP12P
G1-03-06-BLACK-S,iP12m
G1-03-06-WHITE-S,iP12m
G1-03-06-SILVER-S,iP12m
G1-03-06-PINK-S,iP12m
G1-04-06-ROSE PINK-S,iP12m
G1-04-06-GOLD-S,iP12m
G1-04-06-TEAL-S,iP12m
G1-04-06-RED-S,iP12m
G1-03-07-BLACK-S,iP11PM
G1-03-07-WHITE-S,iP11PM
G1-03-07-SILVER-S,iP11PM
G1-03-07-PINK-S,iP11PM
G1-04-07-ROSE PINK-S,iP11PM
G1-04-07-GOLD-S,iP11PM
G1-04-07-TEAL-S,iP11PM
G1-04-07-RED-S,iP11PM
G1-05-01-BLACK-S,iP11P
G1-05-01-WHITE-S,iP11P
G1-05-01-SILVER-S,iP11P
G1-05-01-PINK-S,iP11P
G1-06-01-ROSE PINK-S,iP11P
G1-06-01-GOLD-S,iP11P
G1-06-01-TEAL-S,iP11P
G1-06-01-RED-S,iP11P
G1-05-02-WHITE-S,iP11
G1-05-02-SILVER-S,iP11
G1-05-02-PINK-S,iP11
G1-06-02-ROSE PINK-S,iP11
G1-06-02-GOLD-S,iP11
G1-06-02-TEAL-S,iP11
G1-06-02-RED-S,iP11
H2-02-05-RED-S,iP14+
H2-01-04-DARKGREEN-S,iP14+
H2-01-04-GREY-S,iP14+
H2-02-05-PURPLE-S,iP14+
H2-02-05-GREEN-S,iP14+
H2-02-06-BLACK-S,iP14+
H2-02-05-LIGHTCREAM-S,iP14+
H2-01-05-ORANGE-S,iP14+
H2-02-06-DARKCREAM-S,iP14+
H2-01-04-BLUE-S,iP14+
H2-01-05-YELLOW-S,iP14+
H2-01-04-DARKPINK-S,iP14+
H2-01-01-PINK-S,iP14PM
H2-02-02-RED-S,iP14PM
H2-01-01-DARKGREEN-S,iP14PM
H2-01-01-GREY-S,iP14PM
H2-02-01-PURPLE-S,iP14PM
H2-02-02-GREEN-S,iP14PM
H2-01-01-LIGHTCREAM-S,iP14PM
H2-02-02-ORANGE-S,iP14PM
H2-02-02-DARKCREAM-S,iP14PM
H2-02-01-BLUE-S,iP14PM
H2-02-01-YELLOW-S,iP14PM
H2-02-01-DARKPINK-S,iP14PM
H2-01-02-RED-S,iP14P 
H2-02-03-DARKGREEN-S,iP14P 
H2-02-04-GREY-S,iP14P 
H2-02-03-PURPLE-S,iP14P 
H2-01-02-LIGHTCREAM-S,iP14P 
H2-01-02-ORANGE-S,iP14P 
H2-02-03-DARKCREAM-S,iP14P 
H2-02-04-YELLOW-S,iP14P 
H2-02-04-DARKPINK-S,iP14P 
H2-01-06-RED-S,iP14
H2-02-06-DARKGREEN-S,iP14
H2-01-07-GREY-S,iP14
H2-01-07-PURPLE-S,iP14
H2-01-07-GREEN-S,iP14
H2-01-06-BLACK-S,iP14
H2-02-07-LIGHTCREAM-S,iP14
H2-01-06-ORANGE-S,iP14
H2-01-07-DARKCREAM-S,iP14
H2-01-06-BLUE-S,iP14
H2-02-07-YELLOW-S,iP14
H2-02-07-DARKPINK-S,iP14
H3-02-04-RED-S,iP13
H3-02-04-DARKGREEN-S,iP13
H3-02-04-GREY-S,iP13
H3-01-04-PURPLE-S,iP13
H3-02-05-GREEN-S,iP13
H3-01-04-LIGHT CREAM-S,iP13
H3-01-04-ORANGE-S,iP13
H3-01-04-DARK CREAM-S,iP13
H3-02-04-BLUE-S,iP13
H3-02-05-YELLOW-S,iP13
H3-02-05-DARKPINK-S,iP13
H3-02-01-PINK-S,13PM
H3-02-01-GREY-S,13PM
H3-02-01-PURPLE-S,13PM
H3-02-01-GREEN-S,13PM
H3-01-01-LIGHT CREAM-S,13PM
H3-01-01-ORANGE-S,13PM
H3-01-01-DARK CREAM-S,13PM
H3-02-02-BLUE-S,13PM
H3-02-02-DARK PINK-S,13PM
H3-01-03-PINK-S,iP13P 
H3-01-02-RED-S,iP13P 
H3-01-03-DARK GREEN-S,iP13P 
H3-01-03-GREY-S,iP13P 
H3-01-02-PURPLE-S,iP13P 
H3-01-02-GREEN-S,iP13P 
H3-02-03-LIGHT CREAM-S,iP13P 
H3-02-03-ORANGE-S,iP13P 
H3-02-03-DARK CREAM-S,iP13P 
H3-02-03-BLUE-S,iP13P 
H3-01-02-YELLOW-S,iP13P 
H3-01-03-DARK PINK-S,iP13P 
H3-01-05-PINK-S,iP12PM
H3-01-05-RED-S,iP12PM
H3-01-06-DARKGREEN-S,iP12PM
H3-02-06-GREY-S,iP12PM
H3-02-06-PURPLE-S,iP12PM
H3-02-06-GREEN-S,iP12PM
H3-01-05-BLACK-S,iP12PM
H3-01-05-LIGHTCREAM-S,iP12PM
H3-01-06-ORANGE-S,iP12PM
H3-01-06-BLUE-S,iP12PM
H3-01-06-YELLOW-S,iP12PM
H3-02-06-DARKPINK-S,iP12PM
H3-01-07-PINK-S,iP12P
H3-02-07-RED-S,iP12P
H3-04-02-GREY-S,iP12P
H3-02-07-PURPLE-S,iP12P
H3-04-02-GREEN-S,iP12P
H3-01-07-BLACK-S,iP12P
H3-01-07-LIGHTCREAM-S,iP12P
H3-02-07-ORANGE-S,iP12P
H3-01-07-DARKCREAM-S,iP12P
H3-04-02-BLUE-S,iP12P
H3-02-07-YELLOW-S,iP12P
H3-03-02-PINK-S,iP12
H3-03-03-RED-S,iP12
H3-03-02-DARKGREEN-S,iP12
H3-03-02-GREY-S,iP12
H3-03-02-PURPLE-S,iP12
H3-03-03-GREEN-S,iP12
H3-03-03-BLACK-S,iP12
H3-04-03-LIGHTCREAM-S,iP12
H3-04-03-ORANGE-S,iP12
H3-03-03-DARKCREAM-S,iP12
H3-04-03-BLUE-S,iP12
H3-04-03-YELLOW-S,iP12
H3-04-05-RED-S,iP11PM
H3-04-04-DARKGREEN-S,iP11PM
H3-04-04-PURPLE-S,iP11PM
H3-03-04-GREEN-S,iP11PM
H3-04-04-BLACK-S,iP11PM
H3-04-05-LIGHTCREAM-S,iP11PM
H3-03-04-ORANGE-S,iP11PM
H3-03-04-DARKCREAM-S,iP11PM
H3-04-04-BLUE-S,iP11PM
H3-04-05-YELLOW-S,iP11PM
H3-03-04-DARKPINK-S,iP11PM
H3-04-06-PINK-S,iP7/8
H3-03-05-RED-S,iP7/8
H3-03-05-DARKGREEN-S,iP7/8
H3-03-06-GREY-S,iP7/8
H3-04-06-PURPLE-S,iP7/8
H3-03-06-GREEN-S,iP7/8
H3-03-05-LIGHTCREAM-S,iP7/8
H3-03-06-ORANGE-S,iP7/8
H3-03-05-DARKCREAM-S,iP7/8
H3-03-06-BLUE-S,iP7/8
H3-04-06-YELLOW-S,iP7/8
H3-04-06-DARKPINK-S,iP7/8
H1-04-02-BLACK-S,14PM
H1-04-02-PINK-S,14PM
H1-04-02-GREY-S,14PM
H1-04-02-WHITE-S,14PM
H1-04-01-SKYBLUE-S,14PM
H1-04-01-MINTGREEN-S,14PM
H1-04-01-PURPLE-S,14PM
H1-04-01-DARKGREEN-S,14PM
H1-04-04-BLACK-S,14P
H1-04-04-WHITE-S,14P
H1-04-03-SKYBLUE-S,14P
H1-04-03-MINTGREEN-S,14P
H1-04-03-PURPLE-S,14P
H1-04-03-DARKGREEN-S,14P
H1-04-04-PINK-S,14P
H1-04-04-GREY-S,14P
H1-03-02-WHITE-S,14 max
H1-03-01-MINTGREEN-S,14 max
H1-03-02-BLACK-S,14 max
H1-03-02-PINK-S,14 max
H1-03-02-GREY-S,14 max
H1-03-01-SKYBLUE-S,14 max
H1-03-01-PURPLE-S,14 max
H1-03-01-DARKGREEN-S,14 max
H1-03-04-BLACK-S,14
H1-03-04-PINK-S,14
H1-03-04-GREY-S,14
H1-03-04-WHITE-S,14
H1-03-03-SKYBLUE-S,14
H1-03-03-MINTGREEN-S,14
H1-03-03-PURPLE-S,14
H1-03-03-DARKGREEN-S,14
H1-04-06-GREY-S,13PM
H1-04-05-DARKGREEN-S,13PM
H1-04-05-SKYBLUE-S,13PM
H1-04-06-BLACK-S,13PM
H1-04-06-PINK-S,13PM
H1-04-05-PURPLE-S,13PM
H1-04-06-WHITE-S,13PM
H1-04-05-MINTGREEN-S,13PM
H1-03-05-GREY-S,13P
H1-03-06-PURPLE-S,13P
H1-03-05-BLACK-S,13P
H1-03-05-PINK-S,13P
H1-03-05-WHITE-S,13P
H1-03-06-SKYBLUE-S,13P
H1-03-06-MINTGREEN-S,13P
H1-03-06-DARKGREEN-S,13P
H2-03-01-WHITE-S,13
H2-03-01-PINK-S,13
H2-03-01-PURPLE-S,13
H2-03-01-SKYBLUE-S,13
H1-03-07-BLACK-S,13
H1-03-07-DARKGREEN-S,13
H1-03-07-GREY-S,13
H1-03-07-MINTGREEN-S,13
H1-04-07-BLACK-S,13m
H2-04-01-SKYBLUE-S,13m
H1-04-07-PINK-S,13m
H1-04-07-GREY-S,13m
H1-04-07-WHITE-S,13m
H2-04-01-MINTGREEN-S,13m
H2-04-01-PURPLE-S,13m
H2-04-01-DARKGREEN-S,13m
H2-03-02-BLACK-S,12PM
H2-03-02-WHITE-S,12PM
H2-04-02-BLACK-S,12P
H2-04-02-PINK-S,12P
H2-03-03-BLACK-S,12
H2-03-03-GREY-S,12
H2-03-03-WHITE-S,12
H2-03-03-SKYBLUE-S,12
H2-03-03-MINTGREEN-S,12
H2-03-03-PURPLE-S,12
H2-03-03-DARKGREEN-S,12
H2-04-03-GREY-S,12m
H2-04-03-BLACK-S,12m
H2-04-03-PINK-S,12m
H2-04-03-WHITE-S,12m
H2-04-03-SKYBLUE-S,12m
H2-04-03-PURPLE-S,12m
H2-03-04-BLACK-S,12PM
H2-03-04-PINK-S,12PM
H2-03-04-GREY-S,12PM
H2-03-04-WHITE-S,12PM
H2-04-04-BLACK-S,11P
H2-04-04-PINK-S,11P
H2-04-04-GREY-S,11P
H2-04-04-WHITE-S,11P
H2-04-04-MINTGREEN-S,11P
H2-04-05-BLACK-S,11
H2-04-05-WHITE-S,11
H2-04-05-GREY-S,11
H2-04-05-SKYBLUE-S,11
H2-04-05-DARKGREEN-S,11
H2-04-05-MINTGREEN-S,11
H2-03-05-BLACK-S,8
H2-03-05-PINK-S,8
H2-03-05-GREY-S,8
H2-03-05-WHITE-S,8
H1-02-06-S,iP14PM
H1-01-06-S,iP14P
H1-02-07-S,iP14+
H1-01-07-S,iP14
H2-04-06-S,iP13P
H2-04-07-S,iP13
H2-03-07-S,iP12PM
H3-04-01-S,iP12P
H3-03-01-S,iP12
H1-02-01-S,iP14PM
H1-01-01-S,iP14P
H1-01-02-S,iP14+
H1-02-02-S,iP14
H1-02-04-S,iP14
"H1-02-03, H2-03-06-S",iP13PM
H1-01-03-S,iP13P
H1-01-04-S,iP12PM
H1-02-05-S,iP12P
H1-01-05-S,iP12 
C4-04-06-S,iP14
C4-03-06-S,iP14
C4-04-05-B-S,iP14
C4-04-05-A-S,iP14
C4-03-05-B-S,iP14
C4-03-05-A-S,iP14
C4-04-07-B-S,iP14
C4-04-07-A-S,iP14
C4-03-07-S,iP14
D3-02-03-A-S,iP11PM
D3-02-03-B-S,iP11PM
D4-01-01-A-S,iP11PM
D4-01-01-B-S,iP11PM
D4-01-02-A-S,iP11PM
D4-01-02-B-S,iP11PM
D3-02-01-A-S,iP11PM
D3-02-01-B-S,iP11PM
D4-02-01-A-S,iP11PM
D4-02-01-B-S,iP11PM
D4-02-02-A-S,iP11PM
D4-02-02-B-S,iP11PM
D3-02-03-C-S,iP11PM
D3-02-03-D-S,iP11PM
D4-01-01-C-S,iP11PM
D4-01-01-D-S,iP11PM
D4-01-02-C-S,iP11PM
D4-01-02-D-S,iP11PM
D2-05-02-A-S,13PM
D2-05-02-B-S,13PM
D2-06-02-A-S,13PM
D2-06-02-B-S,13PM
D2-05-03-A-S,13PM
D2-05-03-B-S,13PM
D2-06-03-A-S,13PM
D2-06-03-B-S,13PM
D2-05-04-A-S,13
D2-05-04-B-S,13
D2-06-04-A-S,13
D2-06-04-B-S,13
D2-05-05-A-S,13
D2-05-05-B-S,13
D2-06-05-A-S,13
D2-06-05-B-S,13
D2-05-06-A-S,13m
D2-05-06-B-S,13m
D2-06-06-A-S,13m
D2-06-06-B-S,13m
D2-05-07-A-S,13m
D2-05-07-B-S,13m
D2-06-07-A-S,13m
D2-06-07-B-S,13m
C3-00-01-B-S,XR
C3-00-01-A-S,XR
C3-00-02-B-S,XR
C3-00-02-A-S,XR
C3-00-03-B-S,XR
C3-00-03-A-S,XR
C3-00-04-B-S,XR
C3-00-04-A-S,XR
C3-00-05-B-S,XR
C3-00-05-A-S,XR
C3-00-06-B-S,XR
C3-00-06-A-S,XR
E0-04-02-S,iP11
E0-05-02-S,iP11P/11PM
E0-01-03-S,iP12
E0-02-03-S,iP12P
E0-03-03-S,iP12PM
E0-04-03-S,iP12m
E0-05-03-S,iP13/13m
E0-01-04-S,iP13P/13PM
E0-02-04-S,iP14/14 max
E0-03-04-S,iP14/14PM
G00-07-01-S,iP15/15+
G00-06-01-S,iP15P/15PM
G00-05-01-S,iP16/16+
G00-04-01-S,iP16P/16PM
E0-02-02+E0-03-02-S,XSMAX
E0-04-01 +E0-05-01-S,XR
E0-01-01 + E0-02-01 -S,8/Se
E0-03-01+ E0-04-01-S,8+
E0-04-11-S,pixel 6P
E0-05-11-S,pixel 6
E0-05-07-S,A11
E0-01-08-S,A12
E0-02-08-S,A20/30
E0-03-08-S,A32
E0-04-08-S,A42
E0-05-08-S,A50
E0-01-09-S,A21s
E0-02-09-S,A51
E0-03-09-S,A52
E0-04-09-S,A70
E0-05-09-S,A71
E0-01-10-S,A72
E0-04-04-S,S10/S10+
E0-05-04-S,S10 5G
E0-01-05-S,S20
E0-02-05-S,S20+
E0-04-05-S,S20 FE
E0-05-05-S,S21
E0-01-06-S,S21+
E0-02-06-S,S21U
E0-03-06-S,S21 FE
E0-04-06-S,S22
E0-05-06-S,S22+
E0-01-07-S,S22U
E0-02-07-S,N10/N10+
E0-03-07-S,N20
E0-04-07-S,N20U
C0-05-03-S,iP13PM
C0-05-04-S,iP13PM
C0-05-01-S,iP13PM
C0-05-02-S,iP13PM
C0-05-06-S,iP13PM
C0-05-05-S,iP13PM
C0-05-07-S,iP13P
C0-05-08-S,iP13P
C0-06-03-S,iP13P
C0-06-01-S,iP13P
C0-06-04-S,iP13P
C0-06-02-S,iP13P
C0-06-06-S,iP13
C0-06-07-S,iP13
C0-06-08-S,iP13
C0-06-05-S,iP13
C0-07-01-S,iP13
C0-07-03-S,iP13m
C0-07-07-S,iP13m
C0-07-05-S,iP13m
C0-07-06-S,iP13m
C0-07-02-S,iP13m
C0-07-04-S,iP13m
C0-07-08-S,iP12PM
C0-08-01-S,iP12PM
C0-08-03-S,iP12PM
C0-08-05-S,iP12PM
C0-08-04-S,iP12PM
C0-08-02-S,iP12PM
C0-08-06-S,iP12P
C0-09-03-S,iP12P
C0-09-02-S,iP12P
C0-08-07-S,iP12P
C0-08-08-S,iP12P
C0-09-01-S,iP12P
C0-09-05-S,iP12
C0-09-06-S,iP12
C0-09-04-S,iP12
C0-09-08-S,iP12
C0-09-07-S,iP12
C0-10-01-S,iP12
C0-10-07-S,iP12m
C0-10-03-S,iP12m
C0-10-02-S,iP12m
C0-10-06-S,iP12m
C0-10-05-S,iP12m
C0-10-04-S,iP12m
C0-11-04-S,iP11PM
C0-11-01-S,iP11PM
C0-11-03-S,iP11PM
C0-11-02-S,iP11PM
C0-11-05-S,iP11PM
C0-10-08-S,iP11PM
C0-01-04-S,iP11P
C0-01-05-S,iP11P
C0-01-03-S,iP11P
C0-11-07-S,iP11
C0-11-08-S,iP11
C0-11-06-S,iP11
K03-07-04-S,iP16P/16PM
K03-07-02-S,iP16/16+
K03-07-03-S,iP15P/15PM
K03-07-06-S,iP15/15+
K03-07-01-S,iP14P/14PM
K03-07-05-S,iP14/14+
B0-01-02-CLEAR-S,iP12PM
B0-01-02-BLACK-S,iP12PM
B0-02-02-CLEAR-S,iP12/12P
B0-02-02-BLACK-S,iP12/12P
B0-03-02-CLEAR-S,iP12m
B0-03-02-BLACK-S,iP12m
B0-01-01-CLEAR-S,iP12PM
B0-01-01-BLACK-S,iP12PM
B0-01-01-GREEN-S,iP12PM
B0-01-01-BLUE-S,iP12PM
B0-02-01-CLEAR-S,iP12/12P
B0-02-01-BLACK-S,iP12/12P
B0-02-01-GREEN-S,iP12/12P
B0-02-01-BLUE-S,iP12/12P
B0-03-01-CLEAR-S,iP12m
B0-03-01-BLACK-S,iP12m
B0-03-01-GREEN-S,iP12m
B0-03-01-BLUE-S,iP12m
B0-04-01-CLEAR-S,iP12PM
B0-04-01-BLACK-S,iP12PM
B0-04-01-GREEN-S,iP12PM
B0-04-01-BLUE-S,iP12PM
B0-05-01-CLEAR-S,iP12/12P
B0-05-01-BLACK-S,iP12/12P
B0-05-01-GREEN-S,iP12/12P
B0-05-01-BLUE-S,iP12/12P
B0-06-01-CLEAR-S,iP12m
B0-06-01-BLACK-S,iP12m
B0-06-01-GREEN-S,iP12m
B0-06-01-BLUE-S,iP12m
B0-04-02-CLEAR-S,iP12PM
B0-05-02-CLEAR-S,iP12/12P
B0-06-02-CLEAR-S,iP12m
B0-04-03-CLEAR-S,iP12PM
B0-05-03-CLEAR-S,iP12/12P
B0-06-03-CLEAR-S,iP12m
B0-01-03-CLEAR-S,iP12PM
B0-02-03-CLEAR-S,iP12/12P
B0-03-03-CLEAR-S,iP12m
E1-06-03-C-S,iP12PM
E1-06-03-A-S,iP12PM
E1-06-03-B-S,iP12/12P
E1-06-03-D-S,iP12/12P
E1-05-03-A-S,iP12PM
E1-05-03-B-S,iP12/12P
E1-05-03-C-S,iP12/12P
E1-05-03-D-S,iP12/12P
